id,name,model_id:id,group_id:id,perm_read,perm_write,perm_create,perm_unlink
access_dialyzer_user,nephro.dialyzer.type.user,model_nephro_dialyzer_type,nephro_core.group_nephro_user,1,0,0,0
access_dialyzer_nurse,nephro.dialyzer.type.nurse,model_nephro_dialyzer_type,nephro_core.group_nephro_nurse,1,0,0,0
access_dialyzer_doctor,nephro.dialyzer.type.doctor,model_nephro_dialyzer_type,nephro_core.group_nephro_doctor,1,0,0,0
access_dialyzer_manager,nephro.dialyzer.type.manager,model_nephro_dialyzer_type,nephro_core.group_nephro_manager,1,1,1,1
access_dialysate_user,nephro.dialysate.type.user,model_nephro_dialysate_type,nephro_core.group_nephro_user,1,0,0,0
access_dialysate_nurse,nephro.dialysate.type.nurse,model_nephro_dialysate_type,nephro_core.group_nephro_nurse,1,0,0,0
access_dialysate_doctor,nephro.dialysate.type.doctor,model_nephro_dialysate_type,nephro_core.group_nephro_doctor,1,0,0,0
access_dialysate_manager,nephro.dialysate.type.manager,model_nephro_dialysate_type,nephro_core.group_nephro_manager,1,1,1,1
access_vascular_user,nephro.vascular.access.type.user,model_nephro_vascular_access_type,nephro_core.group_nephro_user,1,0,0,0
access_vascular_nurse,nephro.vascular.access.type.nurse,model_nephro_vascular_access_type,nephro_core.group_nephro_nurse,1,0,0,0
access_vascular_doctor,nephro.vascular.access.type.doctor,model_nephro_vascular_access_type,nephro_core.group_nephro_doctor,1,0,0,0
access_vascular_manager,nephro.vascular.access.type.manager,model_nephro_vascular_access_type,nephro_core.group_nephro_manager,1,1,1,1
access_holiday_user,nephro.holiday.user,model_nephro_holiday,nephro_core.group_nephro_user,1,0,0,0
access_holiday_secretary,nephro.holiday.secretary,model_nephro_holiday,nephro_core.group_nephro_secretary,1,0,0,0
access_holiday_manager,nephro.holiday.manager,model_nephro_holiday,nephro_core.group_nephro_manager,1,1,1,1
access_station_user,nephro.station.user,model_nephro_station,nephro_core.group_nephro_user,1,0,0,0
access_station_secretary,nephro.station.secretary,model_nephro_station,nephro_core.group_nephro_secretary,1,0,0,0
access_station_nurse,nephro.station.nurse,model_nephro_station,nephro_core.group_nephro_nurse,1,0,0,0
access_station_doctor,nephro.station.doctor,model_nephro_station,nephro_core.group_nephro_doctor,1,1,1,0
access_station_manager,nephro.station.manager,model_nephro_station,nephro_core.group_nephro_manager,1,1,1,1
access_schedule_user,nephro.schedule.user,model_nephro_schedule,nephro_core.group_nephro_user,1,0,0,0
access_schedule_secretary,nephro.schedule.secretary,model_nephro_schedule,nephro_core.group_nephro_secretary,1,0,0,0
access_schedule_nurse,nephro.schedule.nurse,model_nephro_schedule,nephro_core.group_nephro_nurse,1,0,0,0
access_schedule_doctor,nephro.schedule.doctor,model_nephro_schedule,nephro_core.group_nephro_doctor,1,1,1,0
access_schedule_manager,nephro.schedule.manager,model_nephro_schedule,nephro_core.group_nephro_manager,1,1,1,1
access_vital_sign_user,nephro.vital.sign.user,model_nephro_vital_sign,nephro_core.group_nephro_user,1,0,0,0
access_vital_sign_nurse,nephro.vital.sign.nurse,model_nephro_vital_sign,nephro_core.group_nephro_nurse,1,1,1,1
access_vital_sign_doctor,nephro.vital.sign.doctor,model_nephro_vital_sign,nephro_core.group_nephro_doctor,1,1,1,1
access_vital_sign_manager,nephro.vital.sign.manager,model_nephro_vital_sign,nephro_core.group_nephro_manager,1,1,1,1
access_dry_weight_user,nephro.dry.weight.history.user,model_nephro_dry_weight_history,nephro_core.group_nephro_user,1,0,0,0
access_dry_weight_doctor,nephro.dry.weight.history.doctor,model_nephro_dry_weight_history,nephro_core.group_nephro_doctor,1,1,1,1
access_dry_weight_manager,nephro.dry.weight.history.manager,model_nephro_dry_weight_history,nephro_core.group_nephro_manager,1,1,1,1
access_session_generator_secretary,nephro.session.generator.secretary,model_nephro_session_generator,nephro_core.group_nephro_secretary,1,1,1,0
access_session_generator_doctor,nephro.session.generator.doctor,model_nephro_session_generator,nephro_core.group_nephro_doctor,1,1,0,0
access_session_generator_manager,nephro.session.generator.manager,model_nephro_session_generator,nephro_core.group_nephro_manager,1,1,1,1
access_machine_param_nurse,nephro.machine.param.line.nurse,model_nephro_machine_param_line,nephro_core.group_nephro_nurse,1,1,1,1
access_machine_param_doctor,nephro.machine.param.line.doctor,model_nephro_machine_param_line,nephro_core.group_nephro_doctor,1,1,1,1
access_machine_param_manager,nephro.machine.param.line.manager,model_nephro_machine_param_line,nephro_core.group_nephro_manager,1,1,1,1
